{
    "flights" : [
    {
       "flightID" : "123654",
       "landingCity": "Haifa",
       "departureCity" : "New york",
       "departureDate": "2022-08-12",
       "flightTime" : "7",
       "tailNumber" : "111",
       "departureDateHour":"10:10:42",
       "isCancelled" : "true",
       "seats":[
           {
               "SeatID":"1",
               "lineNumber":"1",
               "seatNumberInLine":"1",
               "tailNumber":"111",
               "seatClass":"economy"
               
           },
           {
            "SeatID":"10",
            "lineNumber":"3",
            "seatNumberInLine":"3",
            "tailNumber":"111",
            "seatClass":"business"
           },
           {
            "SeatID":"11",
            "lineNumber":"3",
            "seatNumberInLine":"4",
            "tailNumber":"111",
            "seatClass":"business"
           },
           {
            "SeatID":"12",
            "lineNumber":"3",
            "seatNumberInLine":"5",
            "tailNumber":"111",
            "seatClass":"firstClass"
           },
           {
            "SeatID":"13",
            "lineNumber":"3",
            "seatNumberInLine":"6",
            "tailNumber":"111",
            "seatClass":"firstClass"
           },
           {
            "SeatID":"14",
            "lineNumber":"3",
            "seatNumberInLine":"7",
            "tailNumber":"111",
            "seatClass":"economy"
           },
           {
            "SeatID":"15",
            "lineNumber":"4",
            "seatNumberInLine":"1",
            "tailNumber":"111",
            "seatClass":"economy"
           },
           {
            "SeatID":"16",
            "lineNumber":"4",
            "seatNumberInLine":"2",
            "tailNumber":"111",
            "seatClass":"economy"
           },
           {
            "SeatID":"17",
            "lineNumber":"4",
            "seatNumberInLine":"3",
            "tailNumber":"111",
            "seatClass":"economy"
           },
           {
            "SeatID":"4",
            "lineNumber":"1",
            "seatNumberInLine":"4",
            "tailNumber":"111",
            "seatClass":"economy"
           },
           {
            "SeatID":"8",
            "lineNumber":"3",
            "seatNumberInLine":"3",
            "tailNumber":"111",
            "seatClass":"firstClass"
           },
           {
            "SeatID":"9",
            "lineNumber":"3",
            "seatNumberInLine":"2",
            "tailNumber":"111",
            "seatClass":"economy"
           }

           
       ]
    },
    {
        "flightID" : "754292",
       "landingCity": "berlin",
       "departureCity" : "tel-aviv",
       "departureDate": "2022-02-02",
       "flightTime" : "3",
       "tailNumber" : "789",
       "departureDateHour":"20:30:00",
       "isCancelled" : "true",
       "seats":[
           {
            "SeatID":"40",
            "lineNumber":"1",
            "seatNumberInLine":"2",
            "tailNumber":"789",
            "seatClass":"firstClass"
           },
           {
            "SeatID":"41",
            "lineNumber":"1",
            "seatNumberInLine":"3",
            "tailNumber":"789",
            "seatClass":"firstClass"
           },
           {
            "SeatID":"42",
            "lineNumber":"1",
            "seatNumberInLine":"4",
            "tailNumber":"789",
            "seatClass":"firstClass"
           },
           {
            "SeatID":"43",
            "lineNumber":"1",
            "seatNumberInLine":"5",
            "tailNumber":"789",
            "seatClass":"firstClass"
           },
           {
            "SeatID":"44",
            "lineNumber":"1",
            "seatNumberInLine":"6",
            "tailNumber":"789",
            "seatClass":"firstClass"
           },
           {
            "SeatID":"45",
            "lineNumber":"1",
            "seatNumberInLine":"7",
            "tailNumber":"789",
            "seatClass":"firstClass"
           },
           {
            "SeatID":"46",
            "lineNumber":"2",
            "seatNumberInLine":"1",
            "tailNumber":"789",
            "seatClass":"business"
           },
           {
            "SeatID":"47",
            "lineNumber":"2",
            "seatNumberInLine":"2",
            "tailNumber":"789",
            "seatClass":"business"
           },
           {
            "SeatID":"48",
            "lineNumber":"2",
            "seatNumberInLine":"3",
            "tailNumber":"789",
            "seatClass":"business"
           },
           {
            "SeatID":"49",
            "lineNumber":"2",
            "seatNumberInLine":"4",
            "tailNumber":"789",
            "seatClass":"business"
           },
           {
            "SeatID":"50",
            "lineNumber":"2",
            "seatNumberInLine":"5",
            "tailNumber":"789",
            "seatClass":"business"
           },
           {
            "SeatID":"51",
            "lineNumber":"2",
            "seatNumberInLine":"6",
            "tailNumber":"789",
            "seatClass":"business"
           },
           {
            "SeatID":"52",
            "lineNumber":"2",
            "seatNumberInLine":"7",
            "tailNumber":"789",
            "seatClass":"business"
           },
           {
            "SeatID":"53",
            "lineNumber":"3",
            "seatNumberInLine":"1",
            "tailNumber":"789",
            "seatClass":"economy"
           },
           {
            "SeatID":"54",
            "lineNumber":"3",
            "seatNumberInLine":"2",
            "tailNumber":"789",
            "seatClass":"economy"
           },
           {
            "SeatID":"55",
            "lineNumber":"3",
            "seatNumberInLine":"3",
            "tailNumber":"789",
            "seatClass":"economy"
           },
           {
            "SeatID":"56",
            "lineNumber":"3",
            "seatNumberInLine":"4",
            "tailNumber":"789",
            "seatClass":"economy"
           },
           {
            "SeatID":"57",
            "lineNumber":"3",
            "seatNumberInLine":"5",
            "tailNumber":"789",
            "seatClass":"economy"
           },
           {
            "SeatID":"58",
            "lineNumber":"3",
            "seatNumberInLine":"6",
            "tailNumber":"789",
            "seatClass":"economy"
           }

       ]
    }
 ]
}